{
  "aliases": {
    "maria inez": "Maria Inez dos Santos Calçada",
    "maria inez dos santos": "Maria Inez dos Santos Calçada",
    "maria inez dos santos calcada": "Maria Inez dos Santos Calçada",
    "inez dos santos": "Maria Inez dos Santos Calçada",
    "inez dos santos calca": "Maria Inez dos Santos Calçada",
    "carlos eduardo": "Carlos Eduardo Calçada",
    "carlos eduardo calcada": "Carlos Eduardo Calçada",
    "carlos eduardo calcad": "Carlos Eduardo Calçada",
    "ana paula calcada": "Ana Paula Calçada Pereira",
    "ana paula calcada pereira": "Ana Paula Calçada Pereira",
    "ana paula calcada pereir": "Ana Paula Calçada Pereira",
    "angelo calcada": "Angelo Calçada Pereira",
    "angelo calcada pereira": "Angelo Calçada Pereira",
    "fabio ricardo trindad": "Fábio Ricardo Trindade",
    "lucas jesus da silva arruiz": "Lucas Jesus da Silva",
    "lucas jesus da silva": "Lucas Jesus da Silva",
    "lucas jesus d": "Lucas Jesus da Silva",
    "lucas jesus da silva e afins": "Lucas Jesus da Silva",
    "alexsander tarouco l": "Alexsander Tarouco",
    "luiza silveira perei": "Luiza Silveira Pereira",
    "cristina dos santos b": "Cristina dos Santos",
    "ewerton": "Ewerton Adilson Valente Machado",
    "ewerton adilson valente machado": "Ewerton Adilson Valente Machado",
    "hs do brasil ltda": "Apostas e Jogos",
    "kaizen gaming brasil": "Apostas e Jogos",
    "betmgm": "Apostas e Jogos",
    "betnacional": "Apostas e Jogos",
    "saque e pague r": "Movimentações em Dinheiro",
    "caixa economica fede": "Caixa Econômica Federal",
    "itaucard": "Cartões e Bancos",
    "tricard": "Cartões e Bancos",
    "oper serv hoteleiros ltda": "Salários",
    "vivo rs": "Operadoras",
    "tim": "Operadoras",
    "vivo": "Operadoras",
    "claro": "Operadoras",
    "oi": "Operadoras",
    "vetorialnet informatica e servic": "Operadoras",
    "vetorialnet": "Operadoras",
    "netflix com": "Operadoras",
    "ceee d rs": "Consumo e Serviços",
    "ceee": "Consumo e Serviços",
    "corsan": "Consumo e Serviços",
    "cpfl sp": "Consumo e Serviços",
    "cpfl": "Consumo e Serviços",
    "agua": "Consumo e Serviços",
    "luz": "Consumo e Serviços",
    "internet": "Consumo e Serviços",
    "sanasa": "Consumo e Serviços",
    "tv mae": "Consumo e Serviços",
    "detran gade e rs": "Impostos e tributos",
    "detran": "Impostos e tributos",
    "tarifas": "Impostos e tributos",
    "tributos": "Impostos e tributos",
    "mercadopago": "Mercado Pago",
    "o proprio favorecido": "O próprio favorecido",
    "supermercado guanabara": "Supermercado Guanabara",
    "dimed": "Farmácias Panvel",
    "panvel": "Farmácias Panvel",
    "drogasil": "Drogasil",
    "raia": "Drogasil",
    "iugu": "Iugu",
    "paypal do brasil": "Paypal do Brasil",
    "paypal do brasi": "Paypal do Brasil",
    "din atm": "Movimentações em Dinheiro",
    "din bco": "Movimentações em Dinheiro",
    "juliana reis rodrigue": "Juliana Reis Rodrigues",
    "juliana reis rodrigu": "Juliana Reis Rodrigues",
    "juliana reis rodrigues me": "Juliana Reis Rodrigues",
    "juliana reis rodr": "Juliana Reis Rodrigues",
    "juliana reis rodrigues": "Juliana Reis Rodrigues",
    "uber": "Uber",
    "uber do brasil tecnol": "Uber",
    "uber uber trip": "Uber",
    "uber trip helpuber": "Uber",
    "uberbr uber trip hel": "Uber",
    "uber do brasil tecno": "Uber",
    "uber do brasil tecnologia": "Uber",
    "deisi maria troina al": "Deisi Maria",
    "t elet disp carlos e c costa": "Carlos Eduardo Calçada",
    "t elet disp carlos costa": "Carlos Eduardo Calçada",
    "pag carloseduardo": "Carlos Eduardo Calçada",
    "qrcode est luiz carlos rodrigues": "Luiz Carlos Rodrigues",
    "contas dotel": "Cred Salário Hotel Swan",
    "vivian de fatima sala": "Vivian de Fátima Salazar",
    "vivian de fatima salazar s": "Vivian de Fátima Salazar",
    "vivian de fatima salazar d": "Vivian de Fátima Salazar",
    "cred salario dimed sa distribuidora de medic": "Cred Salário Farmácias Panvel",
    "pcc bco age cta": "Cred Salário Farmácias Panvel",
    "corban din o proprio favorecido": "Carlos Eduardo Calçada",
    "net": "Operadoras",
    "vetorial": "Operadoras",
    "recarga": "Operadoras",
    "nsx": "Apostas e Jogos",
    "nsx brasil": "Apostas e Jogos",
    "bet": "Apostas e Jogos"
  },
  "hidden": [
    "Neymar Ferreira Lemos /",
    "Daliane Lopes Correa /",
    "Buffon",
    "Carlos Eduardo Calçada"
  ]
}